{
    "rmse": 0.9665769011059218,
    "mae": 0.8262933422391026,
    "r2": 0.7688127793071028
}