{
    "rmse": 0.971424461655854,
    "mae": 0.8288140492559128,
    "r2": 0.7664880717901663
}